{
    "total_runtime": 122.91500306129456,
    "num_documents": 1,
    "input_load_time": 0,
    "workflows": {
        "create_base_text_units": {
            "overall": 3.694596290588379,
            "0_orderby": 0.004557371139526367,
            "1_zip": 0.006915092468261719,
            "2_aggregate_override": 0.0077419281005859375,
            "3_chunk": 3.6005759239196777,
            "4_select": 0.007033586502075195,
            "5_unroll": 0.007580995559692383,
            "6_rename": 0.006020069122314453,
            "7_genid": 0.007722616195678711,
            "8_unzip": 0.00714564323425293,
            "9_copy": 0.009050130844116211,
            "10_filter": 0.027252912521362305
        },
        "create_base_extracted_entities": {
            "overall": 53.965416431427,
            "0_entity_extract": 53.93841791152954,
            "1_merge_graphs": 0.017444610595703125
        },
        "create_summarized_entities": {
            "overall": 13.700890302658081,
            "0_summarize_descriptions": 13.691861391067505
        },
        "create_base_entity_graph": {
            "overall": 0.06183648109436035,
            "0_cluster_graph": 0.042586565017700195,
            "1_select": 0.010227441787719727
        },
        "create_final_entities": {
            "overall": 2.085029125213623,
            "0_unpack_graph": 0.02007603645324707,
            "1_rename": 0.010951757431030273,
            "2_select": 0.010933399200439453,
            "3_dedupe": 0.013485431671142578,
            "4_rename": 0.011996746063232422,
            "5_filter": 0.03368806838989258,
            "6_text_split": 0.013242483139038086,
            "7_drop": 0.02090311050415039,
            "8_merge": 0.026105642318725586,
            "9_text_embed": 1.8669004440307617,
            "10_drop": 0.01439666748046875,
            "11_filter": 0.0337827205657959
        },
        "create_final_nodes": {
            "overall": 0.34224772453308105,
            "0_layout_graph": 0.05244636535644531,
            "1_unpack_graph": 0.02514481544494629,
            "2_unpack_graph": 0.025269031524658203,
            "3_drop": 0.017380475997924805,
            "4_filter": 0.040662288665771484,
            "5_select": 0.03260922431945801,
            "6_rename": 0.016266584396362305,
            "7_convert": 0.05866384506225586,
            "8_join": 0.02652120590209961,
            "9_rename": 0.021632909774780273
        },
        "create_final_communities": {
            "overall": 0.47866272926330566,
            "0_unpack_graph": 0.033469200134277344,
            "1_unpack_graph": 0.039511919021606445,
            "2_aggregate_override": 0.027678489685058594,
            "3_join": 0.051923513412475586,
            "4_join": 0.028282880783081055,
            "5_concat": 0.02152109146118164,
            "6_filter": 0.05729794502258301,
            "7_aggregate_override": 0.02285027503967285,
            "8_join": 0.02727794647216797,
            "9_filter": 0.055727243423461914,
            "10_fill": 0.023272991180419922,
            "11_merge": 0.025368690490722656,
            "12_copy": 0.02279186248779297,
            "13_select": 0.024985313415527344
        },
        "join_text_units_to_entity_ids": {
            "overall": 0.10294127464294434,
            "0_select": 0.02652430534362793,
            "1_unroll": 0.025002241134643555,
            "2_aggregate_override": 0.0276644229888916
        },
        "create_final_relationships": {
            "overall": 0.3966667652130127,
            "0_unpack_graph": 0.03308916091918945,
            "1_filter": 0.05505704879760742,
            "2_rename": 0.026262998580932617,
            "3_filter": 0.09237504005432129,
            "4_drop": 0.028883695602416992,
            "5_compute_edge_combined_degree": 0.033943891525268555,
            "6_convert": 0.06363797187805176,
            "7_convert": 0.037667274475097656
        },
        "join_text_units_to_relationship_ids": {
            "overall": 0.14844083786010742,
            "0_select": 0.02906656265258789,
            "1_unroll": 0.02980327606201172,
            "2_aggregate_override": 0.030236244201660156,
            "3_select": 0.029535770416259766
        },
        "create_final_community_reports": {
            "overall": 44.03369355201721,
            "0_prepare_community_reports_nodes": 0.031406402587890625,
            "1_prepare_community_reports_edges": 0.03322649002075195,
            "2_restore_community_hierarchy": 0.03866767883300781,
            "3_prepare_community_reports": 0.15715980529785156,
            "4_create_community_reports": 43.709123373031616,
            "5_window": 0.03257274627685547
        },
        "create_final_text_units": {
            "overall": 0.3247814178466797,
            "0_select": 0.08028125762939453,
            "1_rename": 0.039655447006225586,
            "2_join": 0.055170536041259766,
            "3_join": 0.04109644889831543,
            "4_aggregate_override": 0.03518486022949219,
            "5_select": 0.033625125885009766
        },
        "create_base_documents": {
            "overall": 0.4131584167480469,
            "0_unroll": 0.07111263275146484,
            "1_select": 0.03604435920715332,
            "2_rename": 0.034302473068237305,
            "3_join": 0.04084467887878418,
            "4_aggregate_override": 0.03742027282714844,
            "5_join": 0.04018402099609375,
            "6_rename": 0.03866076469421387,
            "7_convert": 0.07463836669921875
        },
        "create_final_documents": {
            "overall": 0.07921433448791504,
            "0_rename": 0.03957962989807129
        }
    }
}