{
    "total_runtime": 3.052398681640625,
    "num_documents": 1,
    "input_load_time": 0,
    "workflows": {
        "create_final_community_reports": {
            "overall": 0.9522778987884521,
            "0_prepare_community_reports_nodes": 0.00958108901977539,
            "1_prepare_community_reports_edges": 0.005146503448486328,
            "2_restore_community_hierarchy": 0.011213302612304688,
            "3_prepare_community_reports": 0.5543627738952637,
            "4_create_community_reports": 0.3699963092803955,
            "5_window": 0.0009758472442626953
        }
    }
}